src,sport,dst,dport,fiat_mean,fiat_min,fiat_max,fiat_std,biat_mean,biat_min,biat_max,biat_std,diat_mean,diat_min,diat_max,diat_std,duration,fwin_total,fwin_mean,fwin_min,fwin_max,fwin_std,bwin_total,bwin_mean,bwin_min,bwin_max,bwin_std,dwin_total,dwin_mean,dwin_min,dwin_max,dwin_std,fpnum,bpnum,dpnum,bfpnum_rate,fpnum_s,bpnum_s,dpnum_s,fpl_total,fpl_mean,fpl_min,fpl_max,fpl_std,bpl_total,bpl_mean,bpl_min,bpl_max,bpl_std,dpl_total,dpl_mean,dpl_min,dpl_max,dpl_std,bfpl_rate,fpl_s,bpl_s,dpl_s,fin_cnt,syn_cnt,rst_cnt,pst_cnt,ack_cnt,urg_cnt,cwe_cnt,ece_cnt,fwd_pst_cnt,fwd_urg_cnt,bwd_pst_cnt,bwd_urg_cnt,fp_hdr_len,bp_hdr_len,dp_hdr_len,f_ht_len,b_ht_len,d_ht_len
10.133.27.160,52245,204.79.197.222,443,0,0,0,0,0,0,0,0,0.000202,0.000202,0.000202,0.0,0.000302,1022,1022.0,1022,1022,0.0,16386,16386.0,16386,16386,0.0,17408,8704.0,1022,16386,7682.0,1,1,2,0.999001,3311.258278,3311.258278,6622.516556,54,54.0,54,54,0.0,92,92.0,92,92,0.0,146,73.0,54,92,19.0,1.703672,178807.947020,304635.761589,483443.708609,0,0,0,1,2,0,0,0,0,0,1,0,54,54,108,0.981818,0.580645,0.739726
10.133.27.160,52233,120.133.59.143,443,2.807382,1.210552,4.805137,1.494616,0,0,0,0,2.105536,0.058112,4.805137,1.766263,8.422246,2052,513.0,513,513,0.0,0,0.0,0,0,0.0,2052,410.4,0,513,205.2,4,1,5,0.249938,0.474933,0.118733,0.593666,340,85.0,85,85,0.0,60,60.0,60,60,0.0,400,80.0,60,85,10.0,0.17647,40.369279,7.123990,47.493269,4,0,1,4,4,0,0,0,4,0,0,0,216,54,270,0.633431,0.885246,0.675
10.133.27.160,52246,120.133.59.143,443,0.043172,0.000524,0.106878,0.039354,0.030211,0.000000,0.075038,0.032659,0.020147,0.000000,0.072349,0.02693,0.302306,67842,8480.25,514,64240,21075.204529,29628,3703.5,60,29200,9636.771334,97470,6091.875,60,64240,16559.593563,8,8,16,0.999875,26.463252,26.463252,52.926504,1450,181.25,54,519,158.441432,4284,535.5,60,1354,529.346531,5734,358.375,54,1354,428.985996,2.954481,4796.464509,14171.071696,18967.536205,0,2,0,7,15,0,0,0,4,0,3,0,432,432,864,0.297726,0.100817,0.15068
10.133.27.160,50858,36.155.207.230,8080,3.383229,0.092802,9.963076,4.652654,10.060813,10.060813,10.060813,0.0,2.029937,0.044410,9.963076,3.96657,10.149787,2048,512.0,512,512,0.0,252,126.0,126,126,0.0,2300,383.333333,126,512,181.962145,4,2,6,0.499875,0.394097,0.197048,0.591145,422,105.5,54,157,51.5,268,134.0,134,134,0.0,690,115.0,54,157,44.143705,0.63507,41.577227,26.404495,67.981722,0,0,0,4,6,0,0,0,2,0,2,0,216,108,324,0.510638,0.401487,0.469565
10.133.27.160,52247,202.115.39.9,53,0.008489,0.000029,0.030090,0.010645,0.009954,0.000000,0.030582,0.012492,0.004630,0.000000,0.029840,0.008818,0.051034,453514,64787.714286,64240,65518,632.445981,146000,29200.0,29200,29200,0.0,599514,49959.5,29200,65518,17551.627866,7,5,12,0.714184,137.163460,97.973900,235.137360,446,63.714286,54,108,18.529623,480,96.0,60,238,71.004225,926,77.166667,54,238,50.540138,1.076231,8739.271858,9405.494376,18144.766234,2,2,0,3,11,0,0,0,2,0,1,0,378,270,648,0.845638,0.561331,0.699784
10.133.27.160,52248,202.115.39.9,53,0.008453,0.000118,0.030174,0.010591,0.009954,0.000000,0.030582,0.012492,0.004611,0.000000,0.029987,0.008783,0.050816,453514,64787.714286,64240,65518,632.445981,146000,29200.0,29200,29200,0.0,599514,49959.5,29200,65518,17551.627866,7,5,12,0.714184,137.751889,98.394207,236.146096,446,63.714286,54,108,18.529623,524,104.8,60,282,88.603386,970,80.833333,54,282,62.3028,1.174885,8776.763224,10311.712846,19088.476070,2,2,0,3,11,0,0,0,2,0,1,0,378,270,648,0.845638,0.514286,0.668041
10.133.27.160,52249,51.132.193.105,443,0.286093,0.000000,1.017736,0.341178,0.266521,0.000000,1.367797,0.376941,0.138839,0.000000,0.977479,0.241034,9.441159,81170,2387.352941,511,64240,10767.163914,135192,3862.628571,2047,65535,10576.724578,216362,3135.681159,511,65535,10696.448082,34,35,69,1.029381,3.601253,3.707172,7.308425,11661,342.970588,54,1288,401.614791,9587,273.914286,60,1354,425.935768,21248,307.942029,54,1354,415.56666,0.822142,1235.123781,1015.447362,2250.571143,0,2,0,36,68,0,0,0,19,0,17,0,1836,1890,3726,0.157434,0.197121,0.175358
10.133.27.160,52250,51.132.193.105,443,0.154364,0.000087,0.361542,0.177539,0.108165,0.000000,0.363079,0.165232,0.079829,0.000000,0.361290,0.148943,1.437015,67845,8480.625,515,64240,21075.062787,79877,7261.545455,0,65535,18449.416026,147722,7774.842105,0,65535,19607.114558,8,11,19,1.374828,5.567096,7.654757,13.221853,1182,147.75,54,610,181.734525,6954,632.181818,60,1354,617.975995,8136,428.210526,54,1354,540.563505,5.883244,822.538387,4839.197921,5661.736308,1,2,3,4,18,0,0,0,2,0,2,0,432,594,1026,0.365173,0.085406,0.126106
10.133.27.160,52251,202.115.39.6,53,0.004573,0.000018,0.011159,0.004495,0.004556,0.000000,0.011700,0.00491,0.002494,0.000000,0.010983,0.003922,0.027537,453514,64787.714286,64240,65518,632.445981,146000,29200.0,29200,29200,0.0,599514,49959.5,29200,65518,17551.627866,7,5,12,0.714184,254.203435,181.573882,435.777317,423,60.428571,54,85,10.82137,543,108.6,60,301,96.203118,966,80.5,54,301,66.99689,1.283685,15361.150452,19718.923630,35080.074082,2,2,0,3,11,0,0,0,2,0,1,0,378,270,648,0.891509,0.496324,0.670807
10.133.27.160,52252,202.115.39.6,53,0.004547,0.000019,0.011162,0.004494,0.004556,0.000000,0.011700,0.00491,0.002480,0.000000,0.010933,0.0039,0.027380,453514,64787.714286,64240,65518,632.445981,146000,29200.0,29200,29200,0.0,599514,49959.5,29200,65518,17551.627866,7,5,12,0.714184,255.661066,182.615047,438.276113,423,60.428571,54,85,10.82137,528,105.6,60,286,90.203326,951,79.25,54,286,62.884981,1.248224,15449.233017,19284.149014,34733.382031,2,2,0,3,11,0,0,0,2,0,1,0,378,270,648,0.891509,0.510397,0.681388
10.133.27.160,52253,202.115.39.6,53,0.004524,0.000188,0.011279,0.004506,0.004556,0.000000,0.011700,0.00491,0.002467,0.000000,0.011060,0.00389,0.027241,453514,64787.714286,64240,65518,632.445981,146000,29200.0,29200,29200,0.0,599514,49959.5,29200,65518,17551.627866,7,5,12,0.714184,256.965603,183.546860,440.512463,426,60.857143,54,88,11.801072,487,97.4,60,245,73.804065,913,76.083333,54,245,51.724363,1.14319,15638.192431,17877.464117,33515.656548,2,2,0,3,11,0,0,0,2,0,1,0,378,270,648,0.885246,0.553279,0.709748
10.133.27.160,52254,202.115.39.6,53,0.004513,0.000048,0.011539,0.004647,0.004556,0.000000,0.011700,0.00491,0.002462,0.000000,0.011302,0.003965,0.027177,453514,64787.714286,64240,65518,632.445981,146000,29200.0,29200,29200,0.0,599514,49959.5,29200,65518,17551.627866,7,5,12,0.714184,257.570740,183.979100,441.549840,426,60.857143,54,88,11.801072,478,95.6,60,236,70.204273,904,75.333333,54,236,49.276995,1.122063,15675.019318,17588.401958,33263.421276,2,2,0,3,11,0,0,0,2,0,1,0,378,270,648,0.885246,0.563674,0.716814
10.133.27.160,52255,111.9.246.53,443,0.012584,0.000047,0.053226,0.017848,0.008338,0.000000,0.053217,0.015709,0.004894,0.000000,0.053151,0.012279,0.088187,67842,8480.25,514,64240,21075.204529,106435,9675.909091,4090,65535,17664.19553,174277,9172.473684,514,65535,19183.596497,8,11,19,1.374828,90.716319,124.734938,215.451257,1301,162.625,54,782,235.8002,5523,502.090909,60,1354,541.236372,6824,359.157895,54,1354,470.209837,4.245193,14752.741334,62628.278544,77381.019878,0,2,0,7,18,0,0,0,2,0,5,0,432,594,1026,0.331797,0.107531,0.150352
10.133.27.160,52256,117.180.236.30,443,0.133021,0.000000,5.102844,0.686332,0.101402,0.000000,5.142754,0.610104,0.057301,0.000000,5.102844,0.455091,7.449290,93017,1631.877193,511,64240,8366.362437,363739,4915.391892,4068,65535,7094.989612,456756,3486.687023,511,65535,7844.868474,57,74,131,1.298223,7.651736,9.933833,17.585569,15804,277.263158,54,1288,378.406656,19259,260.256757,60,1354,344.766002,35063,267.656489,54,1354,359.889079,1.218615,2121.544469,2585.347060,4706.891529,0,2,0,66,130,0,0,0,19,0,47,0,3078,3996,7074,0.194748,0.207477,0.201751
10.133.27.160,52257,202.115.39.6,53,0.008982,0.000065,0.037751,0.01334,0.012000,0.000000,0.038264,0.015676,0.004899,0.000000,0.037668,0.010772,0.053993,453514,64787.714286,64240,65518,632.445981,146000,29200.0,29200,29200,0.0,599514,49959.5,29200,65518,17551.627866,7,5,12,0.714184,129.646436,92.604597,222.251033,435,62.142857,54,97,14.797959,605,121.0,60,363,121.002479,1040,86.666667,54,363,84.085605,1.390801,8056.599930,11205.156224,19261.756154,2,2,0,3,11,0,0,0,2,0,1,0,378,270,648,0.866972,0.445545,0.623077
10.133.27.160,52258,202.115.39.6,53,0.003443,0.000030,0.008743,0.003388,0.003812,0.000000,0.009168,0.003965,0.001878,0.000000,0.008673,0.002948,0.020758,453514,64787.714286,64240,65518,632.445981,146000,29200.0,29200,29200,0.0,599514,49959.5,29200,65518,17551.627866,7,5,12,0.714184,337.219385,240.870989,578.090374,435,62.142857,54,97,14.797959,605,121.0,60,363,121.002479,1040,86.666667,54,363,84.085605,1.390801,20955.776086,29145.389729,50101.165815,2,2,0,3,11,0,0,0,2,0,1,0,378,270,648,0.866972,0.445545,0.623077
10.133.27.160,52259,202.115.39.6,53,0.004106,0.000078,0.008995,0.003496,0.003812,0.000000,0.009168,0.003965,0.002053,0.000000,0.008873,0.0031,0.020632,385236,64206.0,64138,64240,48.083261,146000,29200.0,29200,29200,0.0,531236,48294.181818,29200,64240,17430.559673,6,5,11,0.833194,290.810392,242.341993,533.152385,381,63.5,54,97,15.575087,398,79.6,60,156,38.207853,779,70.818182,54,156,29.328293,1.044617,18466.459868,19290.422644,37756.882512,2,2,0,3,10,0,0,0,2,0,1,0,324,270,594,0.848168,0.676692,0.762516
10.133.27.160,52260,117.187.144.225,443,0.011489,0.000000,0.076055,0.01865,0.007127,0.000000,0.076083,0.01635,0.004650,0.000000,0.075959,0.013103,0.195408,72978,4054.333333,512,64240,14597.168329,163615,6544.6,4081,65535,12041.365597,236593,5502.162791,512,65535,13228.890706,18,25,43,1.388812,92.114959,127.937444,220.052403,3252,180.666667,54,1288,296.154989,6852,274.08,60,1354,412.343247,10104,234.976744,54,1354,371.068005,2.10701,16642.102677,35065.094571,51707.197248,0,2,0,20,42,0,0,0,5,0,15,0,972,1350,2322,0.298801,0.196994,0.22981
10.133.27.160,52261,117.187.144.225,443,0.013933,0.000034,0.040659,0.014031,0.008610,0.000000,0.040570,0.013046,0.005805,0.000000,0.040520,0.011318,0.139430,69380,6307.272727,513,64240,18319.936945,118718,8479.857143,4091,65535,15824.249469,188098,7523.92,513,65535,17001.874181,11,14,25,1.272612,78.892634,100.408807,179.301441,1289,117.181818,54,572,145.873431,5763,411.642857,60,1354,504.79382,7052,282.08,54,1354,416.443122,4.470904,9244.782328,41332.568314,50577.350642,0,2,0,10,24,0,0,0,2,0,8,0,594,756,1350,0.460465,0.131159,0.191435
10.133.27.160,52262,202.115.39.6,53,0.011714,0.000016,0.041615,0.0154,0.012463,0.000000,0.041928,0.017092,0.005857,0.000000,0.041490,0.012172,0.058668,387996,64666.0,64240,65518,602.454978,146000,29200.0,29200,29200,0.0,533996,48545.090909,29200,65518,17665.175508,6,5,11,0.833194,102.270403,85.225336,187.495739,373,62.166667,54,89,12.733377,446,89.2,60,204,57.405226,819,74.454545,54,204,42.041892,1.195707,6357.810050,7602.099952,13959.910002,2,2,0,3,10,0,0,0,2,0,1,0,324,270,594,0.86631,0.604027,0.725275
10.133.27.160,52263,202.115.39.6,53,0.004729,0.000022,0.008055,0.003739,0.004064,0.000000,0.008334,0.002971,0.002364,0.000000,0.007985,0.003005,0.023744,387996,64666.0,64240,65518,602.454978,146000,29200.0,29200,29200,0.0,533996,48545.090909,29200,65518,17665.175508,6,5,11,0.833194,252.695418,210.579515,463.274933,373,62.166667,54,89,12.733377,446,89.2,60,204,57.405226,819,74.454545,54,204,42.041892,1.195707,15709.231806,18783.692722,34492.924528,2,2,0,3,10,0,0,0,2,0,1,0,324,270,594,0.86631,0.604027,0.725275
10.133.27.160,52264,202.115.39.6,53,0.005890,0.000076,0.008231,0.003368,0.004064,0.000000,0.008334,0.002971,0.002618,0.000000,0.008111,0.003082,0.023662,321012,64202.4,64146,64240,46.050407,146000,29200.0,29200,29200,0.0,467012,46701.2,29200,64240,17501.230293,5,5,10,0.9998,211.309272,211.309272,422.618544,319,63.8,54,89,13.362634,390,78.0,60,148,35.00857,709,70.9,54,148,27.431551,1.222567,13481.531570,16482.123236,29963.654806,2,2,0,3,9,0,0,0,2,0,1,0,270,270,540,0.84375,0.690537,0.761636
10.133.27.160,52265,112.45.118.57,443,0.015427,0.000000,0.158713,0.041754,0.006694,0.000000,0.151022,0.028065,0.004775,0.000000,0.151022,0.023125,0.200654,70927,5066.214286,513,64240,16411.855298,179946,6205.034483,4081,65535,11212.310139,250873,5834.255814,513,65535,13144.007599,14,29,43,2.071281,69.771846,144.527395,214.299241,3020,215.714286,54,1288,334.897944,17433,601.137931,60,1354,550.568717,20453,475.651163,54,1354,523.037767,5.772515,15050.783937,86880.899459,101931.683396,0,2,0,18,42,0,0,0,5,0,13,0,756,1566,2322,0.250248,0.089824,0.113529
10.133.27.160,52266,202.115.39.6,53,0.003507,0.000037,0.008459,0.003562,0.004380,0.000000,0.008782,0.00438,0.001913,0.000000,0.008324,0.00308,0.021143,453514,64787.714286,64240,65518,632.445981,146000,29200.0,29200,29200,0.0,599514,49959.5,29200,65518,17551.627866,7,5,12,0.714184,331.078844,236.484889,567.563733,419,59.857143,54,81,9.538322,609,121.8,60,367,122.602447,1028,85.666667,54,367,85.139428,1.453457,19817.433666,28803.859433,48621.293099,2,2,0,3,11,0,0,0,2,0,1,0,378,270,648,0.9,0.442623,0.63035
10.133.27.160,52267,202.115.39.6,53,0.004157,0.000036,0.008548,0.003706,0.004380,0.000000,0.008782,0.00438,0.002079,0.000000,0.008479,0.003244,0.020887,385262,64210.333333,64151,64240,41.955002,146000,29200.0,29200,29200,0.0,531262,48296.545455,29200,64240,17432.708731,6,5,11,0.833194,287.260018,239.383348,526.643366,365,60.833333,54,81,9.973576,385,77.0,60,143,33.00909,750,68.181818,54,143,24.785693,1.054792,17474.984440,18432.517834,35907.502274,2,2,0,3,10,0,0,0,2,0,1,0,324,270,594,0.885246,0.699482,0.792
10.133.27.160,52268,202.115.39.6,53,0.004071,0.000040,0.008659,0.003802,0.004380,0.000000,0.008782,0.00438,0.002035,0.000000,0.008544,0.003278,0.020453,385292,64215.333333,64166,64240,34.883935,146000,29200.0,29200,29200,0.0,531292,48299.272727,29200,64240,17435.189876,6,5,11,0.833194,293.355498,244.462915,537.818413,368,61.333333,54,84,10.994948,370,74.0,60,128,27.011109,738,67.090909,54,128,20.913043,1.005432,17992.470542,18090.255708,36082.726250,2,2,0,3,10,0,0,0,2,0,1,0,324,270,594,0.878049,0.727763,0.804878
10.133.27.160,52269,202.115.39.6,53,0.004048,0.000054,0.008784,0.003902,0.004380,0.000000,0.008782,0.00438,0.002024,0.000000,0.008445,0.003281,0.020339,385210,64201.666667,64125,64240,54.21152,146000,29200.0,29200,29200,0.0,531210,48291.818182,29200,64240,17428.411792,6,5,11,0.833194,294.999754,245.833128,540.832882,368,61.333333,54,84,10.994948,411,82.2,60,169,43.406912,779,70.818182,54,169,32.098763,1.116845,18093.318256,20207.483160,38300.801416,2,2,0,3,10,0,0,0,2,0,1,0,324,270,594,0.878049,0.65534,0.762516
10.133.27.160,52270,202.115.39.6,53,0.003731,0.000039,0.007669,0.003389,0.002756,0.000000,0.007721,0.002979,0.001866,0.000000,0.007487,0.002865,0.018757,387996,64666.0,64240,65518,602.454978,146000,29200.0,29200,29200,0.0,533996,48545.090909,29200,65518,17665.175508,6,5,11,0.833194,319.880578,266.567148,586.447726,384,64.0,54,100,16.653328,514,102.8,60,272,84.603546,898,81.636364,54,272,61.465841,1.338538,20472.356987,27403.102842,47875.459829,2,2,0,3,10,0,0,0,2,0,1,0,324,270,594,0.841558,0.524272,0.66147
10.133.27.160,52271,202.115.39.6,53,0.017486,0.000020,0.094237,0.034424,0.019513,0.000000,0.047444,0.022583,0.008743,0.000000,0.047307,0.017258,0.105017,453514,64787.714286,64240,65518,632.445981,175200,29200.0,29200,29200,0.0,628714,48362.615385,29200,65518,17747.20347,7,6,13,0.85702,66.655875,57.133607,123.789482,438,62.571429,54,100,15.810098,565,94.166667,60,263,75.508094,1003,77.153846,54,263,54.901095,1.289951,4170.753307,5380.081320,9550.834627,2,2,0,3,12,0,0,0,2,0,1,0,378,324,702,0.861048,0.572438,0.6999
10.133.27.160,52272,111.206.209.249,443,0.432830,0.000000,4.032392,1.052725,0.429400,0.000000,4.128628,1.088998,0.208952,0.000000,4.032392,0.762395,6.059718,71425,4761.666667,511,64240,15896.253314,25056,1670.4,960,8192,1753.323579,96481,3216.033333,511,64240,11413.653617,15,15,30,0.999933,2.475363,2.475363,4.950726,7048,469.866667,54,1288,513.649799,2273,151.533333,60,382,132.157919,9321,310.7,54,1288,407.412498,0.322503,1163.090428,375.099963,1538.190391,0,2,0,11,29,0,0,0,6,0,5,0,810,810,1620,0.11491,0.356201,0.173801
10.133.27.160,52273,36.147.62.236,443,0.005653,0.000012,0.033470,0.01005,0.002456,0.000000,0.028348,0.006142,0.002060,0.000000,0.033215,0.006216,0.134025,76085,3170.208333,515,64240,12733.931826,233188,5552.095238,4088,65535,9367.755994,309273,4685.954545,515,65535,10775.972387,24,42,66,1.749927,179.071069,313.374370,492.445439,2594,108.083333,54,615,134.347471,36656,872.761905,60,1354,589.646577,39250,594.69697,54,1354,602.599721,14.131066,19354.598023,273501.212460,292855.810483,0,2,0,17,65,0,0,0,5,0,12,0,1296,2268,3564,0.499422,0.061871,0.090803
10.133.27.160,52274,111.9.246.57,443,0.008329,0.000054,0.032444,0.009705,0.007638,0.000000,0.032213,0.009924,0.004432,0.000000,0.032081,0.007946,0.093170,68354,6835.4,0,64240,19135.48092,110536,9211.333333,4091,65535,16982.224468,178890,8131.363636,0,65535,18031.801336,10,12,22,1.19988,107.330686,128.796823,236.127509,1261,126.1,54,634,171.359534,5559,463.25,60,1354,534.087247,6820,310.0,54,1354,443.982494,4.408403,13534.399485,59665.128260,73199.527745,2,2,1,7,21,0,0,0,2,0,5,0,540,648,1188,0.427892,0.116547,0.174194
10.133.27.160,52275,111.9.246.57,443,0.013331,0.000019,0.034803,0.011863,0.009623,0.000000,0.060565,0.017802,0.005840,0.000000,0.034803,0.00977,0.105228,67330,8416.25,0,64240,21100.067647,106445,9676.818182,4091,65535,17663.90805,173775,9146.052632,0,65535,19195.959949,8,11,19,1.374828,76.025392,104.534915,180.560307,1048,131.0,54,634,190.197266,5724,520.363636,60,1354,540.560361,6772,356.421053,54,1354,470.488359,5.461827,9959.326415,54396.168320,64355.494735,3,2,1,5,18,0,0,0,1,0,4,0,432,594,1026,0.411821,0.103755,0.151506
10.133.27.160,52276,111.9.246.57,443,0.015530,0.000629,0.034806,0.011417,0.008749,0.000000,0.060565,0.017156,0.005835,0.000000,0.034806,0.009751,0.105122,66815,9545.0,0,64240,22329.847258,110536,9211.333333,4091,65535,16982.224468,177351,9334.263158,0,65535,19127.822304,7,12,19,1.714041,66.589296,114.153079,180.742375,1014,144.857143,54,666,212.820131,5784,482.0,60,1354,532.958254,6798,357.789474,54,1354,471.732594,5.704136,9645.935199,55021.784213,64667.719412,3,2,1,6,18,0,0,0,1,0,5,0,378,648,1026,0.372414,0.112014,0.150927
10.133.27.160,52277,111.9.246.57,443,0.005799,0.000011,0.067371,0.010053,0.000854,0.000000,0.055611,0.004049,0.000753,0.000000,0.055611,0.003665,0.603235,117776,1121.67619,512,64240,6189.260898,2908773,4173.275466,4085,65535,2325.910293,3026549,3773.75187,512,65535,3282.742963,105,697,802,6.638032,174.061518,1155.436936,1329.498454,8401,80.009524,54,575,76.301469,881485,1264.684362,60,1354,320.113459,889886,1109.583541,54,1354,499.506386,104.926187,13926.579194,1461263.023531,1475189.602725,0,2,0,33,801,0,0,0,13,0,20,0,5670,37638,43308,0.674839,0.042698,0.048667
10.133.27.160,52278,111.9.246.57,443,0.010325,0.000018,0.034872,0.011874,0.008749,0.000000,0.060565,0.017087,0.004992,0.000000,0.034872,0.009219,0.104932,68360,6836.0,0,64240,19135.2827,110536,9211.333333,4091,65535,16982.224468,178896,8131.636364,0,65535,18031.686122,10,12,22,1.19988,95.299813,114.359776,209.659589,1148,114.8,54,602,162.498492,5784,482.0,60,1354,532.958254,6932,315.090909,54,1354,447.623006,5.038323,10940.418557,55121.411962,66061.830519,3,2,1,6,21,0,0,0,1,0,5,0,540,648,1188,0.469974,0.112014,0.171379
10.133.27.160,52279,111.9.246.57,443,0.015493,0.000498,0.034947,0.011498,0.009623,0.000000,0.060565,0.017802,0.006161,0.000000,0.034947,0.00996,0.104839,66815,9545.0,0,64240,22329.847258,106445,9676.818182,4091,65535,17663.90805,173260,9625.555556,0,65535,19610.908252,7,11,18,1.571204,66.769046,104.922786,171.691832,982,140.285714,54,634,201.626043,5724,520.363636,60,1354,540.560361,6706,372.555556,54,1354,478.237298,5.828915,9366.743292,54598.002652,63964.745944,3,2,1,5,17,0,0,0,1,0,4,0,378,594,972,0.384537,0.103755,0.144945
10.133.27.160,52280,202.115.39.6,53,0.004728,0.000025,0.011577,0.004991,0.004356,0.000000,0.011681,0.004835,0.002579,0.000000,0.011418,0.004287,0.028465,453514,64787.714286,64240,65518,632.445981,146000,29200.0,29200,29200,0.0,599514,49959.5,29200,65518,17551.627866,7,5,12,0.714184,245.916037,175.654312,421.570349,422,60.285714,54,84,10.497813,484,96.8,60,242,72.604132,906,75.5,54,242,50.840437,1.146917,14825.223959,17003.337432,31828.561391,2,2,0,3,11,0,0,0,2,0,1,0,378,270,648,0.893617,0.556701,0.715232
10.133.27.160,52281,202.115.39.6,53,0.005611,0.000052,0.011394,0.004928,0.004356,0.000000,0.011681,0.004835,0.002806,0.000000,0.011302,0.004355,0.028157,385376,64229.333333,64208,64240,15.084945,146000,29200.0,29200,29200,0.0,531376,48306.909091,29200,64240,17442.145414,6,5,11,0.833194,213.090883,177.575736,390.666619,368,61.333333,54,84,10.994948,328,65.6,60,86,10.229369,696,63.272727,54,86,10.863541,0.891302,13069.574173,11648.968285,24718.542458,2,2,0,3,10,0,0,0,2,0,1,0,324,270,594,0.878049,0.820669,0.853448
10.133.27.160,52282,120.226.166.243,443,0.033967,0.000033,0.249889,0.066013,0.024016,0.000000,0.267101,0.062309,0.014244,0.000000,0.234876,0.04225,0.441676,70923,5065.928571,511,64240,16411.934571,72757,4042.055556,501,64240,14600.146082,143680,4490.0,501,64240,15427.384964,14,18,32,1.285622,31.697443,40.753856,72.451299,2940,210.0,54,731,221.015837,5479,304.388889,60,1346,413.761088,8419,263.09375,54,1346,346.211673,1.863605,6656.463109,12405.020875,19061.483984,0,2,0,15,31,0,0,0,7,0,8,0,756,972,1728,0.257055,0.177372,0.20525
10.133.27.160,52283,120.226.166.243,443,0.020767,0.000516,0.041753,0.01616,0.010324,0.000000,0.041296,0.017882,0.009230,0.000000,0.041617,0.014841,0.083168,65785,13157.0,0,64240,25542.278794,66244,13248.8,501,64240,25495.6,132029,13202.9,0,64240,25518.991349,5,5,10,0.9998,60.119277,60.119277,120.238554,799,159.8,54,571,205.652522,3662,732.4,60,1346,576.485074,4461,446.1,54,1346,518.923588,4.583223,9607.060408,44031.358215,53638.418623,1,2,1,2,9,0,0,0,1,0,1,0,270,270,540,0.3375,0.07371,0.121049
10.133.27.160,52284,202.115.39.6,53,0.003526,0.000021,0.007561,0.002991,0.003236,0.000000,0.007174,0.003273,0.001763,0.000000,0.006926,0.002524,0.017728,385258,64209.666667,64149,64240,42.897811,146000,29200.0,29200,29200,0.0,531258,48296.181818,29200,64240,17432.37803,6,5,11,0.833194,338.447653,282.039711,620.487364,368,61.333333,54,84,10.994948,387,77.4,60,145,33.808875,755,68.636364,54,145,25.485371,1.051628,20758.122744,21829.873646,42587.996390,2,2,0,3,10,0,0,0,2,0,1,0,324,270,594,0.878049,0.695876,0.786755
10.133.27.160,52285,202.115.39.6,53,0.004654,0.000043,0.011854,0.004372,0.002920,0.000000,0.005912,0.00292,0.002327,0.000000,0.011473,0.003657,0.023372,385262,64210.333333,64151,64240,41.955002,146000,29200.0,29200,29200,0.0,531262,48296.545455,29200,64240,17432.708731,6,5,11,0.833194,256.717440,213.931200,470.648640,368,61.333333,54,84,10.994948,385,77.0,60,143,33.00909,753,68.454545,54,143,24.941253,1.046193,15745.336300,16472.702379,32218.038679,2,2,0,3,10,0,0,0,2,0,1,0,324,270,594,0.878049,0.699482,0.788845
10.133.27.160,52286,81.71.56.12,443,0.023644,0.000019,0.094966,0.036214,0.016444,0.000000,0.111688,0.032937,0.011866,0.000000,0.094853,0.026621,0.356088,70417,5416.692308,514,64240,16980.82627,72757,4042.055556,501,64240,14600.146082,143174,4618.516129,501,64240,15657.37011,13,18,31,1.384509,36.507830,50.549302,87.057132,2042,157.076923,54,650,189.311084,9691,538.388889,60,1346,539.876955,11733,378.483871,54,1346,468.691994,4.745835,5734.537530,27215.182764,32949.720294,0,2,0,12,30,0,0,0,5,0,7,0,702,972,1674,0.343612,0.100289,0.142675
10.133.27.160,52287,202.115.39.6,53,0.147440,0.000015,0.847706,0.313281,0.172542,0.000000,0.800661,0.314531,0.073720,0.000000,0.800661,0.219606,0.884737,453514,64787.714286,64240,65518,632.445981,175200,29200.0,29200,29200,0.0,628714,48362.615385,29200,65518,17747.20347,7,6,13,0.85702,7.911956,6.781676,14.693632,434,62.0,54,96,14.461772,668,111.333333,60,366,113.892737,1102,84.769231,54,366,81.879981,1.539167,490.541257,755.026635,1245.567892,2,2,0,3,12,0,0,0,2,0,1,0,378,324,702,0.868966,0.484305,0.637024
10.133.27.160,52288,202.115.39.6,53,0.176879,0.000059,0.847468,0.335402,0.172542,0.000000,0.800661,0.314531,0.080400,0.000000,0.800661,0.228197,0.884495,385230,64205.0,64135,64240,49.497475,175200,29200.0,29200,29200,0.0,560430,46702.5,29200,64240,17502.534995,6,6,12,0.999833,6.783532,6.783532,13.567064,380,63.333333,54,96,15.21695,461,76.833333,60,159,36.753307,841,70.083333,54,159,28.926511,1.213155,429.623684,521.201363,950.825047,2,2,0,3,11,0,0,0,2,0,1,0,324,324,648,0.850394,0.701299,0.770511
10.133.27.160,52289,117.187.144.111,443,0.059176,0.000119,0.535017,0.144878,0.035387,0.000000,0.540470,0.122892,0.022907,0.000000,0.514358,0.090502,0.710208,70414,5416.461538,513,64240,16980.892894,139149,7323.631579,4088,65535,13720.551194,209563,6548.84375,513,65535,15159.002866,13,19,32,1.461426,18.304497,26.752726,45.057223,1960,150.769231,54,571,165.281184,5978,314.631579,60,1354,459.767471,7938,248.0625,54,1354,378.26594,3.049998,2759.754889,8417.252411,11177.007300,0,2,0,15,31,0,0,0,6,0,9,0,702,1026,1728,0.357981,0.171601,0.217687
10.133.27.160,52290,202.115.39.6,53,0.007411,0.000016,0.017505,0.007398,0.004904,0.000000,0.009879,0.003506,0.003706,0.000000,0.017314,0.005479,0.037156,387996,64666.0,64240,65518,602.454978,146000,29200.0,29200,29200,0.0,533996,48545.090909,29200,65518,17665.175508,6,5,11,0.833194,161.481322,134.567768,296.049090,380,63.333333,54,96,15.21695,611,122.2,60,369,123.402431,991,90.090909,54,369,88.923312,1.607891,10227.150393,16444.181290,26671.331683,2,2,0,3,10,0,0,0,2,0,1,0,324,270,594,0.850394,0.441176,0.599395
10.133.27.160,52291,202.115.39.6,53,0.007387,0.000041,0.017362,0.007437,0.004904,0.000000,0.009879,0.003506,0.003694,0.000000,0.017156,0.005432,0.037035,385238,64206.333333,64139,64240,47.611857,146000,29200.0,29200,29200,0.0,531238,48294.363636,29200,64240,17430.724943,6,5,11,0.833194,162.008910,135.007425,297.016335,380,63.333333,54,96,15.21695,397,79.4,60,155,37.807936,777,70.636364,54,155,28.983609,1.044734,10260.564331,10719.589577,20980.153908,2,2,0,3,10,0,0,0,2,0,1,0,324,270,594,0.850394,0.678392,0.764479
10.133.27.160,52292,220.181.174.161,443,0.022787,0.000089,0.085851,0.03328,0.016071,0.000000,0.053213,0.019881,0.010671,0.000000,0.053213,0.017167,0.266879,69386,6307.818182,511,64240,18319.764473,69231,4615.4,261,65535,16281.448211,138617,5331.423077,261,65535,17193.706327,11,15,26,1.363512,41.217181,56.205247,97.422428,2169,197.181818,54,761,245.080995,7641,509.4,60,1354,556.541199,9810,377.307692,54,1354,477.389034,3.52282,8127.278654,28630.952604,36758.231258,0,2,0,11,25,0,0,0,6,0,5,0,594,810,1404,0.273733,0.105993,0.143119
10.133.27.160,52293,202.115.39.6,53,0.003500,0.000030,0.009663,0.003608,0.003986,0.000000,0.010032,0.004244,0.001909,0.000000,0.009545,0.003093,0.021098,453514,64787.714286,64240,65518,632.445981,146000,29200.0,29200,29200,0.0,599514,49959.5,29200,65518,17551.627866,7,5,12,0.714184,331.785003,236.989288,568.774291,421,60.142857,54,83,10.176002,442,88.4,60,200,55.805376,863,71.916667,54,200,39.396401,1.049879,19954.498057,20949.853067,40904.351124,2,2,0,3,11,0,0,0,2,0,1,0,378,270,648,0.895735,0.609481,0.750869
10.133.27.160,52294,202.115.39.6,53,0.003445,0.000058,0.009736,0.00367,0.003986,0.000000,0.010032,0.004244,0.001879,0.000000,0.009635,0.003111,0.020771,453514,64787.714286,64240,65518,632.445981,146000,29200.0,29200,29200,0.0,599514,49959.5,29200,65518,17551.627866,7,5,12,0.714184,337.008329,240.720235,577.728564,421,60.142857,54,83,10.176002,498,99.6,60,256,78.203836,919,76.583333,54,256,54.654153,1.182895,20268.643782,23975.735400,44244.379182,2,2,0,3,11,0,0,0,2,0,1,0,378,270,648,0.895735,0.541082,0.705114
10.133.27.160,52295,202.115.39.6,53,0.003546,0.000027,0.009168,0.003362,0.002142,0.000000,0.003597,0.001411,0.001773,0.000000,0.009017,0.002689,0.017831,387996,64666.0,64240,65518,602.454978,146000,29200.0,29200,29200,0.0,533996,48545.090909,29200,65518,17665.175508,6,5,11,0.833194,336.492625,280.410521,616.903146,374,62.333333,54,90,13.085191,437,87.4,60,195,53.805576,811,73.727273,54,195,39.561439,1.168446,20974.706971,24507.879536,45482.586507,2,2,0,3,10,0,0,0,2,0,1,0,324,270,594,0.864,0.616438,0.732429
10.133.27.160,52296,202.115.39.6,53,0.002882,0.000048,0.008833,0.00324,0.002142,0.000000,0.005367,0.002275,0.001572,0.000000,0.008636,0.002714,0.017390,453514,64787.714286,64240,65518,632.445981,146000,29200.0,29200,29200,0.0,599514,49959.5,29200,65518,17551.627866,7,5,12,0.714184,402.530190,287.521564,690.051754,428,61.142857,54,90,12.46055,438,87.6,60,196,54.205535,866,72.166667,54,196,38.535337,1.023362,24611.845888,25186.889017,49798.734905,2,2,0,3,11,0,0,0,2,0,1,0,378,270,648,0.881119,0.615034,0.748268
10.133.27.160,52297,20.24.121.134,443,0.039312,0.000123,0.127890,0.055341,0.034722,0.000000,0.143316,0.055922,0.023313,0.000000,0.143076,0.047749,0.536294,69390,6308.181818,515,64240,18319.649445,77822,5986.307692,1022,65535,17190.2268,147212,6133.833333,515,65535,17717.544367,11,13,24,1.181711,20.511138,24.240435,44.751573,1969,179.0,54,649,197.982552,9609,739.153846,60,1354,611.074318,11578,482.416667,54,1354,546.011364,4.88014,3671.493621,17917.410972,21588.904593,0,2,0,10,23,0,0,0,5,0,5,0,594,702,1296,0.301523,0.073049,0.111936
10.133.27.160,52298,204.79.197.239,443,0.029139,0.000171,0.083144,0.037479,0.020439,0.000000,0.087535,0.035368,0.015014,0.000000,0.083068,0.030841,0.345416,68870,6887.0,512,64240,19117.666688,278514,19893.857143,16382,65535,12658.575483,347384,14474.333333,512,65535,16937.481697,10,14,24,1.39986,28.950599,40.530838,69.481437,1830,183.0,54,656,194.295651,7461,532.928571,60,1354,554.451655,9291,387.125,54,1354,474.149793,4.077047,5297.959562,21600.041689,26898.001251,0,2,0,10,23,0,0,0,5,0,5,0,540,756,1296,0.294921,0.101313,0.13949
10.133.27.160,52299,202.115.39.6,53,0.004015,0.000032,0.010954,0.00424,0.003951,0.000000,0.011216,0.004594,0.002190,0.000000,0.010700,0.003576,0.024192,453514,64787.714286,64240,65518,632.445981,146000,29200.0,29200,29200,0.0,599514,49959.5,29200,65518,17551.627866,7,5,12,0.714184,289.351852,206.679894,496.031746,433,61.857143,54,95,14.126253,613,122.6,60,371,124.202415,1046,87.166667,54,371,86.260104,1.415701,17898.478836,25338.955026,43237.433862,2,2,0,3,11,0,0,0,2,0,1,0,378,270,648,0.870968,0.439739,0.619503
10.133.27.160,52300,202.115.39.6,53,0.004746,0.000062,0.011291,0.004416,0.003951,0.000000,0.011216,0.004594,0.002373,0.000000,0.010796,0.00371,0.023831,385234,64205.666667,64137,64240,48.554666,146000,29200.0,29200,29200,0.0,531234,48294.0,29200,64240,17430.39441,6,5,11,0.833194,251.772901,209.810751,461.583652,379,63.166667,54,95,14.859527,399,79.8,60,157,38.607771,778,70.727273,54,157,29.437425,1.052768,15903.654903,16742.897906,32646.552809,2,2,0,3,10,0,0,0,2,0,1,0,324,270,594,0.852632,0.675,0.763496
10.133.27.160,52301,58.254.137.166,443,0.014805,0.000018,0.062932,0.022989,0.013742,0.000000,0.047385,0.018523,0.008480,0.000000,0.046550,0.015528,0.237530,70923,5065.928571,511,64240,16411.934597,69221,4614.733333,261,65535,16281.626239,140144,4832.551724,261,65535,16346.218412,14,15,29,1.071352,58.939923,63.149918,122.089841,2087,149.071429,54,597,179.566726,7001,466.733333,60,1354,530.284888,9088,313.37931,54,1354,431.523797,3.354574,8786.258578,29474.171684,38260.430262,0,2,0,13,28,0,0,0,6,0,7,0,756,810,1566,0.362069,0.115681,0.172315
10.133.27.160,52302,202.115.39.6,53,0.003733,0.000096,0.015423,0.005416,0.004839,0.000000,0.015608,0.006403,0.002036,0.000000,0.015233,0.004325,0.022496,453514,64787.714286,64240,65518,632.445981,146000,29200.0,29200,29200,0.0,599514,49959.5,29200,65518,17551.627866,7,5,12,0.714184,311.166430,222.261735,533.428165,421,60.142857,54,83,10.176002,435,87.0,60,193,53.00566,856,71.333333,54,193,37.501852,1.033252,18714.438122,19336.770982,38051.209104,2,2,0,3,11,0,0,0,2,0,1,0,378,270,648,0.895735,0.619266,0.757009
10.133.27.160,52303,202.115.39.6,53,0.003665,0.000043,0.015634,0.005511,0.004839,0.000000,0.015608,0.006403,0.001999,0.000000,0.015353,0.004344,0.022088,453514,64787.714286,64240,65518,632.445981,146000,29200.0,29200,29200,0.0,599514,49959.5,29200,65518,17551.627866,7,5,12,0.714184,316.914162,226.367258,543.281420,421,60.142857,54,83,10.176002,432,86.4,60,190,51.805791,853,71.083333,54,190,36.691185,1.026126,19060.123144,19558.131112,38618.254256,2,2,0,3,11,0,0,0,2,0,1,0,378,270,648,0.895735,0.623557,0.759672
10.133.27.160,52304,202.115.39.6,53,0.003910,0.000124,0.011084,0.004091,0.004527,0.000000,0.011150,0.004763,0.002133,0.000000,0.010746,0.00346,0.023559,453514,64787.714286,64240,65518,632.445981,146000,29200.0,29200,29200,0.0,599514,49959.5,29200,65518,17551.627866,7,5,12,0.714184,297.126364,212.233117,509.359481,425,60.714286,54,87,11.473127,503,100.6,60,261,80.203741,928,77.333333,54,261,56.068906,1.183527,18039.814933,21350.651556,39390.466489,2,2,0,3,11,0,0,0,2,0,1,0,378,270,648,0.887324,0.535714,0.698276
10.133.27.160,52305,202.115.39.6,53,0.007440,0.000050,0.016404,0.00584,0.003382,0.000000,0.006572,0.002326,0.003307,0.000000,0.016145,0.004983,0.029862,321130,64226.0,64205,64240,17.146428,146000,29200.0,29200,29200,0.0,467130,46713.0,29200,64240,17513.004197,5,5,10,0.9998,167.436876,167.436876,334.873752,317,63.4,54,87,12.611106,331,66.2,60,89,11.426285,648,64.8,54,89,12.114454,1.044161,10615.497957,11084.321211,21699.819168,2,2,0,3,9,0,0,0,2,0,1,0,270,270,540,0.849057,0.813253,0.833333
10.133.27.160,52306,202.89.233.100,443,0.088533,0.000000,1.677063,0.275593,0.086531,0.000000,1.723807,0.288811,0.043790,0.000000,1.677063,0.196673,4.072611,87866,1869.489362,511,64240,9196.030239,819214,17430.085106,16382,65535,7092.683044,907080,9649.787234,511,65535,11312.364803,47,47,94,0.999979,11.540508,11.540508,23.081016,30102,640.468085,54,1288,531.55648,13798,293.574468,60,1354,435.407745,43900,467.021277,54,1354,515.897173,0.458375,7391.327087,3387.998510,10779.325597,0,2,0,28,93,0,0,0,15,0,13,0,2538,2538,5076,0.084311,0.183926,0.115626
10.133.27.160,52307,120.226.166.243,443,0.012561,0.000000,0.057857,0.018498,0.005854,0.000000,0.036227,0.011716,0.005542,0.000000,0.052847,0.012876,0.188514,71959,4497.4375,513,64240,15425.463324,73246,3855.052632,489,64240,14232.86884,145205,4148.714286,489,64240,14793.453654,16,19,35,1.187426,84.874333,100.788270,185.662603,5875,367.1875,54,1288,408.360628,5157,271.421053,60,1346,408.921858,11032,315.2,54,1346,411.440591,0.877787,31164.794127,27356.058436,58520.852563,0,2,0,15,34,0,0,0,8,0,7,0,864,1026,1890,0.147039,0.198914,0.17132
10.133.27.160,52308,120.233.20.183,443,0.020102,0.000108,0.063366,0.024898,0.013934,0.000000,0.052663,0.019392,0.009856,0.000000,0.049853,0.017567,0.216933,68872,6887.2,514,64240,19117.600005,70252,5404.0,501,64240,16984.490219,139124,6048.869565,501,64240,17958.173894,10,13,23,1.29987,46.097182,59.926337,106.023519,1877,187.7,54,621,210.131887,4592,353.230769,60,1346,474.460853,6469,281.26087,54,1346,391.368637,2.446456,8652.441076,21167.826011,29820.267087,0,2,0,10,22,0,0,0,5,0,5,0,540,702,1242,0.28754,0.152841,0.191993
10.133.27.160,52162,20.250.58.93,443,0,0,0,0,0,0,0,0,0.000103,0.000103,0.000103,0.0,0.000203,513,513.0,513,513,0.0,543,543.0,543,543,0.0,1056,528.0,513,543,15.0,1,1,2,0.999001,4926.108374,4926.108374,9852.216748,54,54.0,54,54,0.0,60,60.0,60,60,0.0,114,57.0,54,60,3.0,1.111091,266009.852217,295566.502463,561576.354680,0,0,0,0,2,0,0,0,0,0,0,0,54,54,108,0.981818,0.885246,0.947368
10.133.27.160,52309,202.115.39.6,53,0.002966,0.000077,0.008222,0.003105,0.003465,0.000000,0.008557,0.003651,0.001618,0.000000,0.008188,0.002687,0.017894,453514,64787.714286,64240,65518,632.445981,146000,29200.0,29200,29200,0.0,599514,49959.5,29200,65518,17551.627866,7,5,12,0.714184,391.192579,279.423270,670.615849,428,61.142857,54,90,12.46055,604,120.8,60,362,120.602488,1032,86.0,54,362,83.761566,1.411212,23918.631944,33754.331061,57672.963005,2,2,0,3,11,0,0,0,2,0,1,0,378,270,648,0.881119,0.446281,0.627907
10.133.27.160,52310,202.115.39.6,53,0.002766,0.000021,0.006907,0.002795,0.003260,0.000000,0.007259,0.003301,0.001509,0.000000,0.006816,0.002428,0.016696,453514,64787.714286,64240,65518,632.445981,146000,29200.0,29200,29200,0.0,599514,49959.5,29200,65518,17551.627866,7,5,12,0.714184,419.262099,299.472928,718.735027,428,61.142857,54,90,12.46055,589,117.8,60,347,114.602618,1017,84.75,54,347,79.64413,1.376165,25634.882607,35277.910877,60912.793484,2,2,0,3,11,0,0,0,2,0,1,0,378,270,648,0.881119,0.457627,0.637168
10.133.27.160,52311,202.115.39.6,53,0.005370,0.000054,0.017394,0.00622,0.006414,0.000000,0.017751,0.007298,0.002929,0.000000,0.017201,0.005219,0.032322,453514,64787.714286,64240,65518,632.445981,146000,29200.0,29200,29200,0.0,599514,49959.5,29200,65518,17551.627866,7,5,12,0.714184,216.570757,154.693398,371.264155,428,61.142857,54,90,12.46055,604,120.8,60,362,120.602488,1032,86.0,54,362,83.761566,1.411212,13241.754842,18686.962440,31928.717282,2,2,0,3,11,0,0,0,2,0,1,0,378,270,648,0.881119,0.446281,0.627907
10.133.27.160,52312,202.115.39.6,53,0.005306,0.000018,0.017458,0.006239,0.006414,0.000000,0.017751,0.007298,0.002894,0.000000,0.017353,0.005242,0.031933,453514,64787.714286,64240,65518,632.445981,146000,29200.0,29200,29200,0.0,599514,49959.5,29200,65518,17551.627866,7,5,12,0.714184,219.208969,156.577835,375.786804,421,60.142857,54,83,10.176002,435,87.0,60,193,53.00566,856,71.333333,54,193,37.501852,1.033252,13183.853694,13622.271631,26806.125325,2,2,0,3,11,0,0,0,2,0,1,0,378,270,648,0.895735,0.619266,0.757009
10.133.27.160,52313,202.115.39.6,53,0.006822,0.000029,0.017265,0.00762,0.008866,0.000000,0.017751,0.008866,0.003721,0.000000,0.017107,0.006463,0.041033,453514,64787.714286,64240,65518,632.445981,146000,29200.0,29200,29200,0.0,599514,49959.5,29200,65518,17551.627866,7,5,12,0.714184,170.594400,121.853143,292.447543,424,60.571429,54,86,11.14652,473,94.6,60,231,68.204399,897,74.75,54,231,47.876795,1.115563,10333.146492,11527.307289,21860.453781,2,2,0,3,11,0,0,0,2,0,1,0,378,270,648,0.889412,0.56962,0.722408
10.133.27.160,52314,202.115.39.6,53,0.006780,0.000019,0.017369,0.007706,0.008866,0.000000,0.017751,0.008866,0.003698,0.000000,0.017262,0.006517,0.040780,453514,64787.714286,64240,65518,632.445981,146000,29200.0,29200,29200,0.0,599514,49959.5,29200,65518,17551.627866,7,5,12,0.714184,171.652771,122.609122,294.261893,424,60.571429,54,86,11.14652,508,101.6,60,266,82.20365,932,77.666667,54,266,57.421444,1.19811,10397.253556,12457.086807,22854.340363,2,2,0,3,11,0,0,0,2,0,1,0,378,270,648,0.889412,0.530452,0.695279
10.133.27.160,52315,202.115.39.6,53,0.006666,0.000021,0.017169,0.007082,0.006362,0.000000,0.017712,0.007274,0.003636,0.000000,0.016883,0.006024,0.040094,453514,64787.714286,64240,65518,632.445981,146000,29200.0,29200,29200,0.0,599514,49959.5,29200,65518,17551.627866,7,5,12,0.714184,174.589714,124.706939,299.296653,424,60.571429,54,86,11.14652,425,85.0,60,183,49.006122,849,70.75,54,183,34.902543,1.002356,10575.148401,10600.089789,21175.238190,2,2,0,3,11,0,0,0,2,0,1,0,378,270,648,0.889412,0.633803,0.763251
10.133.27.160,52316,202.115.39.6,53,0.006625,0.000026,0.017200,0.007087,0.006362,0.000000,0.017712,0.007274,0.003614,0.000000,0.016929,0.006022,0.039852,453514,64787.714286,64240,65518,632.445981,146000,29200.0,29200,29200,0.0,599514,49959.5,29200,65518,17551.627866,7,5,12,0.714184,175.649905,125.464218,301.114123,424,60.571429,54,86,11.14652,472,94.4,60,230,67.804425,896,74.666667,54,230,47.604855,1.113205,10639.365653,11843.822142,22483.187795,2,2,0,3,11,0,0,0,2,0,1,0,378,270,648,0.889412,0.570825,0.723214
10.133.27.160,52317,202.115.39.6,53,0.006579,0.000015,0.017262,0.007062,0.006362,0.000000,0.017712,0.007274,0.003588,0.000000,0.016983,0.005994,0.039573,453514,64787.714286,64240,65518,632.445981,146000,29200.0,29200,29200,0.0,599514,49959.5,29200,65518,17551.627866,7,5,12,0.714184,176.888282,126.348773,303.237055,424,60.571429,54,86,11.14652,499,99.8,60,257,78.603817,923,76.916667,54,257,54.962803,1.176884,10714.375963,12609.607561,23323.983524,2,2,0,3,11,0,0,0,2,0,1,0,378,270,648,0.889412,0.54,0.702059
10.133.27.160,52318,202.115.39.6,53,0.006577,0.000020,0.017289,0.007029,0.006362,0.000000,0.017712,0.007274,0.003587,0.000000,0.017028,0.005964,0.039560,453514,64787.714286,64240,65518,632.445981,146000,29200.0,29200,29200,0.0,599514,49959.5,29200,65518,17551.627866,7,5,12,0.714184,176.946411,126.390293,303.336704,424,60.571429,54,86,11.14652,423,84.6,60,181,48.206224,847,70.583333,54,181,34.366792,0.997639,10717.896866,10692.618807,21410.515673,2,2,0,3,11,0,0,0,2,0,1,0,378,270,648,0.889412,0.636792,0.765053
10.133.27.160,52319,202.115.39.6,53,0.007258,0.000015,0.021625,0.007872,0.003658,0.000000,0.008327,0.003727,0.003629,0.000000,0.021396,0.006496,0.036392,385222,64203.666667,64131,64240,51.383093,146000,29200.0,29200,29200,0.0,531222,48292.909091,29200,64240,17429.402976,6,5,11,0.833194,164.871400,137.392834,302.264234,372,62.0,54,88,12.382784,405,81.0,60,163,41.007316,777,70.636364,54,163,30.618689,1.088707,10222.026819,11128.819521,21350.846340,2,2,0,3,10,0,0,0,2,0,1,0,324,270,594,0.868633,0.665025,0.764479
10.133.27.160,52320,202.115.39.6,53,0.007181,0.000066,0.021402,0.00779,0.003658,0.000000,0.008327,0.003727,0.003590,0.000000,0.021197,0.006433,0.036005,385222,64203.666667,64131,64240,51.383093,146000,29200.0,29200,29200,0.0,531222,48292.909091,29200,64240,17429.402976,6,5,11,0.833194,166.643522,138.869601,305.513123,372,62.0,54,88,12.382784,405,81.0,60,163,41.007316,777,70.636364,54,163,30.618689,1.088707,10331.898347,11248.437717,21580.336064,2,2,0,3,10,0,0,0,2,0,1,0,324,270,594,0.868633,0.665025,0.764479
10.133.27.160,52321,202.115.39.6,53,0.019690,0.000014,0.090900,0.03267,0.019505,0.000000,0.047459,0.02147,0.009845,0.000000,0.047459,0.016884,0.118241,453514,64787.714286,64240,65518,632.445981,175200,29200.0,29200,29200,0.0,628714,48362.615385,29200,65518,17747.20347,7,6,13,0.85702,59.201123,50.743820,109.944943,424,60.571429,54,86,11.14652,631,105.166667,60,329,100.103974,1055,81.153846,54,329,72.014791,1.488204,3585.896601,5336.558385,8922.454986,2,2,0,3,12,0,0,0,2,0,1,0,378,324,702,0.889412,0.512658,0.665403
10.133.27.160,52322,202.115.39.6,53,0.005880,0.000016,0.020605,0.007252,0.003658,0.000000,0.008327,0.003727,0.003208,0.000000,0.020362,0.005975,0.035383,453514,64787.714286,64240,65518,632.445981,146000,29200.0,29200,29200,0.0,599514,49959.5,29200,65518,17551.627866,7,5,12,0.714184,197.835119,141.310799,339.145918,424,60.571429,54,86,11.14652,449,89.8,60,207,58.605119,873,72.75,54,207,41.366502,1.05896,11983.155753,12689.709748,24672.865501,2,2,0,3,11,0,0,0,2,0,1,0,378,270,648,0.889412,0.6,0.742268
10.133.27.160,52323,121.194.9.205,443,0.038412,0.000008,0.612286,0.116768,0.029889,0.000000,0.652389,0.114125,0.016838,0.000000,0.612286,0.079327,1.229268,80718,2446.0,514,64240,10923.739112,68300,1665.853659,66,65535,10098.598863,149018,2013.756757,66,65535,10481.77582,33,41,74,1.242387,26.845244,33.353183,60.198427,5129,155.424242,54,859,236.371694,45481,1109.292683,60,1354,474.548373,50610,683.918919,54,1354,611.959409,8.867419,4172.401787,36998.441349,41170.843136,0,2,0,15,73,0,0,0,5,0,10,0,1782,2214,3996,0.347368,0.048679,0.078957
10.133.27.160,52324,202.115.39.6,53,0.005506,0.000016,0.018515,0.006582,0.003658,0.000000,0.008327,0.003727,0.003003,0.000000,0.018257,0.00546,0.033133,453514,64787.714286,64240,65518,632.445981,146000,29200.0,29200,29200,0.0,599514,49959.5,29200,65518,17551.627866,7,5,12,0.714184,211.269731,150.906951,362.176682,424,60.571429,54,86,11.14652,425,85.0,60,183,49.006122,849,70.75,54,183,34.902543,1.002356,12796.909426,12827.090816,25624.000242,2,2,0,3,11,0,0,0,2,0,1,0,378,270,648,0.889412,0.633803,0.763251
10.133.27.160,52325,202.115.39.6,53,0.005468,0.000033,0.018306,0.006549,0.003658,0.000000,0.008327,0.003727,0.002983,0.000000,0.018055,0.00544,0.032910,453514,64787.714286,64240,65518,632.445981,146000,29200.0,29200,29200,0.0,599514,49959.5,29200,65518,17551.627866,7,5,12,0.714184,212.701307,151.929505,364.630812,424,60.571429,54,86,11.14652,472,94.4,60,230,67.804425,896,74.666667,54,230,47.604855,1.113205,12883.621999,14342.145245,27225.767244,2,2,0,3,11,0,0,0,2,0,1,0,378,270,648,0.889412,0.570825,0.723214
10.133.27.160,52326,202.115.39.6,53,0.005513,0.000020,0.019784,0.00699,0.006470,0.000000,0.020116,0.008222,0.003007,0.000000,0.019674,0.005775,0.033176,453514,64787.714286,64240,65518,632.445981,146000,29200.0,29200,29200,0.0,599514,49959.5,29200,65518,17551.627866,7,5,12,0.714184,210.995901,150.711358,361.707259,424,60.571429,54,86,11.14652,425,85.0,60,183,49.006122,849,70.75,54,183,34.902543,1.002356,12780.323125,12810.465397,25590.788522,2,2,0,3,11,0,0,0,2,0,1,0,378,270,648,0.889412,0.633803,0.763251
10.133.27.160,52327,202.115.39.6,53,0.006581,0.000042,0.019875,0.007238,0.006470,0.000000,0.020116,0.008222,0.003290,0.000000,0.019733,0.005991,0.033003,389274,64879.0,64240,65518,639.0,146000,29200.0,29200,29200,0.0,535274,48661.272727,29200,65518,17771.897311,6,5,11,0.833194,181.801654,151.501379,333.303033,370,61.666667,54,86,11.685699,472,94.4,60,230,67.804425,842,76.545455,54,230,49.293857,1.275672,11211.102021,14301.730146,25512.832167,2,2,0,3,10,0,0,0,2,0,1,0,324,270,594,0.873315,0.570825,0.705463
10.133.27.160,52328,202.115.39.6,53,0.003979,0.000022,0.011448,0.004319,0.004789,0.000000,0.011651,0.005008,0.002171,0.000000,0.011361,0.003689,0.023976,453514,64787.714286,64240,65518,632.445981,146000,29200.0,29200,29200,0.0,599514,49959.5,29200,65518,17551.627866,7,5,12,0.714184,291.958625,208.541875,500.500500,423,60.428571,54,85,10.82137,543,108.6,60,301,96.203118,966,80.5,54,301,66.99689,1.283685,17642.642643,22647.647648,40290.290291,2,2,0,3,11,0,0,0,2,0,1,0,378,270,648,0.891509,0.496324,0.670807
10.133.27.160,52329,202.115.39.6,53,0.003957,0.000014,0.011208,0.004187,0.004789,0.000000,0.011651,0.005008,0.002158,0.000000,0.011075,0.00359,0.023843,453514,64787.714286,64240,65518,632.445981,146000,29200.0,29200,29200,0.0,599514,49959.5,29200,65518,17551.627866,7,5,12,0.714184,293.587216,209.705155,503.292371,423,60.428571,54,85,10.82137,528,105.6,60,286,90.203326,951,79.25,54,286,62.884981,1.248224,17741.056075,22144.864321,39885.920396,2,2,0,3,11,0,0,0,2,0,1,0,378,270,648,0.891509,0.510397,0.681388
10.133.27.160,52330,117.180.236.30,443,0.026733,0.000022,0.143997,0.037397,0.018671,0.000000,0.132485,0.027242,0.011167,0.000000,0.101657,0.020237,0.882297,81205,2388.382353,511,64240,10766.984684,249480,5423.478261,4085,65535,8960.896902,330685,4133.5625,511,65535,9883.910166,34,46,80,1.352901,38.535777,52.136639,90.672416,4161,122.382353,54,651,122.848547,13019,283.021739,60,1354,359.185521,17180,214.75,54,1354,294.793635,3.128814,4716.099001,14755.802185,19471.901186,0,2,0,43,79,0,0,0,13,0,30,0,1836,2484,4320,0.441134,0.190783,0.251455
10.133.27.160,52331,202.115.39.6,53,0.006766,0.000074,0.016705,0.007287,0.008589,0.000000,0.017555,0.008593,0.003690,0.000000,0.016433,0.00616,0.040693,453514,64787.714286,64240,65518,632.445981,146000,29200.0,29200,29200,0.0,599514,49959.5,29200,65518,17551.627866,7,5,12,0.714184,172.019758,122.871255,294.891013,425,60.714286,54,87,11.473127,601,120.2,60,359,119.402513,1026,85.5,54,359,82.929187,1.414114,10444.056717,14769.124911,25213.181628,2,2,0,3,11,0,0,0,2,0,1,0,378,270,648,0.887324,0.448505,0.631579
10.133.27.160,52332,202.115.39.6,53,0.006727,0.000109,0.017105,0.007499,0.008589,0.000000,0.017555,0.008593,0.003669,0.000000,0.016953,0.006334,0.040461,453514,64787.714286,64240,65518,632.445981,146000,29200.0,29200,29200,0.0,599514,49959.5,29200,65518,17551.627866,7,5,12,0.714184,173.006105,123.575789,296.581894,425,60.714286,54,87,11.473127,586,117.2,60,344,113.402645,1011,84.25,54,344,78.807915,1.37882,10503.942068,14483.082474,24987.024542,2,2,0,3,11,0,0,0,2,0,1,0,378,270,648,0.887324,0.459966,0.64095
10.133.27.160,52333,222.192.187.139,443,0.006126,0.000158,0.023702,0.007544,0.006175,0.000000,0.047429,0.013018,0.004152,0.000000,0.046489,0.010337,0.095594,68348,7594.222222,511,64240,20027.306879,43500,2900.0,82,42340,10540.783386,111848,4660.333333,82,64240,15000.569213,9,15,24,1.666482,94.148168,156.913614,251.061782,1736,192.888889,54,620,206.202406,12160,810.666667,60,1354,561.509474,13896,579.0,54,1354,549.956286,7.004604,18160.135573,127204.636274,145364.771847,0,2,0,10,23,0,0,0,5,0,5,0,486,810,1296,0.279793,0.066606,0.093264
10.133.27.160,52334,202.115.39.6,53,0.004653,0.000039,0.011909,0.004403,0.002849,0.000000,0.006171,0.002869,0.002326,0.000000,0.011731,0.003759,0.023363,385256,64209.333333,64148,64240,43.369216,146000,29200.0,29200,29200,0.0,531256,48296.0,29200,64240,17432.21269,6,5,11,0.833194,256.816334,214.013611,470.829945,369,61.5,54,85,11.339459,388,77.6,60,146,34.208771,757,68.818182,54,146,25.81338,1.051488,15794.204511,16607.456234,32401.660745,2,2,0,3,10,0,0,0,2,0,1,0,324,270,594,0.875676,0.694087,0.784676
10.133.27.160,52335,202.115.39.6,53,0.003842,0.000017,0.011721,0.00425,0.002849,0.000000,0.006171,0.002869,0.002096,0.000000,0.011585,0.003614,0.023155,453514,64787.714286,64240,65518,632.445981,146000,29200.0,29200,29200,0.0,599514,49959.5,29200,65518,17551.627866,7,5,12,0.714184,302.310516,215.936083,518.246599,423,60.428571,54,85,10.82137,413,82.6,60,171,44.206787,836,69.666667,54,171,31.655261,0.976357,18268.192615,17836.320449,36104.513064,2,2,0,3,11,0,0,0,2,0,1,0,378,270,648,0.891509,0.652174,0.77512
10.133.27.160,52336,110.242.68.4,443,0.039294,0.000387,0.104946,0.038655,0.021516,0.000000,0.051792,0.022332,0.017861,0.000000,0.051246,0.021697,0.196571,66814,11135.666667,514,64240,23748.979849,13376,2229.333333,1000,8192,2666.90299,80190,6682.5,514,64240,17475.522913,6,6,12,0.999833,30.523322,30.523322,61.046644,2341,390.166667,54,1251,470.913091,657,109.5,60,212,68.018992,2998,249.833333,54,1251,364.53574,0.280649,11909.182942,3342.303799,15251.486741,0,2,0,5,11,0,0,0,3,0,2,0,324,324,648,0.138343,0.492401,0.216144
10.133.27.160,52337,119.39.203.41,443,0.006648,0.000044,0.042174,0.010261,0.000920,0.000000,0.042525,0.004385,0.000908,0.000000,0.041874,0.004377,0.246074,88967,2341.236842,513,64240,10178.756375,197126,842.418803,556,65535,4238.152147,286093,1051.8125,513,65535,5495.185336,38,234,272,6.157733,154.425092,950.933459,1105.358551,3287,86.5,54,588,113.068156,302530,1292.863248,60,1354,254.115271,305817,1124.327206,54,1354,481.923718,92.038305,13357.770427,1229426.920357,1242784.690784,0,2,0,10,271,0,0,0,5,0,5,0,2052,12636,14688,0.624088,0.041768,0.048029
10.133.27.160,52338,119.39.203.41,443,0.013384,0.000138,0.042729,0.016667,0.003492,0.000000,0.046247,0.010177,0.003346,0.000000,0.041909,0.009655,0.160708,70416,5416.615385,513,64240,16980.848486,85320,2370.0,557,65535,10676.834347,155736,3178.285714,513,65535,12730.329832,13,36,49,2.769018,80.892053,224.008761,304.900814,1989,153.0,54,652,190.310677,36789,1021.916667,60,1354,530.132498,38778,791.387755,54,1354,602.705933,18.49622,12376.484058,228918.286582,241294.770640,0,2,0,10,48,0,0,0,5,0,5,0,702,1944,2646,0.352764,0.05284,0.068235
10.133.27.160,52339,119.39.203.41,443,0.012860,0.000113,0.040450,0.015352,0.003920,0.000000,0.030950,0.009404,0.003509,0.000000,0.030237,0.008796,0.129935,69383,6307.545455,513,64240,18319.850696,80689,2988.481481,571,65535,12266.38248,150072,3949.263158,513,65535,14364.079989,11,27,38,2.454322,84.657713,207.796206,292.453919,2184,198.545455,54,955,273.465758,25308,937.333333,60,1354,577.862152,27492,723.473684,54,1354,609.238124,11.587907,16808.404202,194774.310232,211582.714434,0,2,0,9,37,0,0,0,5,0,4,0,594,1458,2052,0.271854,0.057608,0.07464
10.133.27.160,52340,202.115.39.6,53,0.005457,0.000047,0.013358,0.005358,0.003532,0.000000,0.009944,0.004077,0.002728,0.000000,0.013106,0.004516,0.027384,385216,64202.666667,64128,64240,52.797306,146000,29200.0,29200,29200,0.0,531216,48292.363636,29200,64240,17428.907353,6,5,11,0.833194,219.106047,182.588373,401.694420,385,64.166667,54,101,17.013883,408,81.6,60,166,42.207108,793,72.090909,54,166,32.295383,1.059738,14059.304703,14899.211218,28958.515921,2,2,0,3,10,0,0,0,2,0,1,0,324,270,594,0.839378,0.660147,0.749054
10.133.27.160,52341,202.115.39.6,53,0.004519,0.000040,0.013202,0.005059,0.003532,0.000000,0.009944,0.004077,0.002465,0.000000,0.012891,0.00424,0.027216,453514,64787.714286,64240,65518,632.445981,146000,29200.0,29200,29200,0.0,599514,49959.5,29200,65518,17551.627866,7,5,12,0.714184,257.201646,183.715461,440.917107,439,62.714286,54,101,16.148545,449,89.8,60,207,58.605119,888,74.0,54,207,41.970228,1.022777,16130.217519,16497.648442,32627.865961,2,2,0,3,11,0,0,0,2,0,1,0,378,270,648,0.859091,0.6,0.72973
10.133.27.160,52342,120.92.107.6,443,0.040492,0.000025,0.350004,0.087732,0.040514,0.000000,0.387210,0.103669,0.020696,0.000000,0.350004,0.065073,0.931424,76058,3169.083333,511,64240,12734.166498,30257,1375.318182,62,28690,5960.560562,106315,2311.195652,62,64240,10119.256824,24,22,46,0.916628,25.766998,23.619748,49.386746,6087,253.625,54,827,245.054894,6861,311.863636,60,1354,381.005881,12948,281.478261,54,1354,318.754965,1.127156,6535.154774,7366.140447,13901.295221,0,2,0,26,45,0,0,0,16,0,10,0,1296,1188,2484,0.212878,0.173127,0.191844
10.133.27.160,52343,118.89.204.198,443,0.034726,0.000123,0.174981,0.05136,0.040367,0.000000,0.125306,0.043362,0.021711,0.000000,0.124476,0.036215,0.456039,69385,6307.727273,512,64240,18319.793206,6413,583.0,59,5808,1652.290696,75798,3445.363636,59,64240,13317.866549,11,11,22,0.999909,24.120744,24.120744,48.241488,2045,185.909091,54,789,230.10885,5891,535.545455,60,1354,501.056042,7936,360.727273,54,1354,427.276277,2.880683,4484.265600,12917.754841,17402.020441,0,2,0,11,21,0,0,0,5,0,6,0,594,594,1188,0.290323,0.100815,0.149698
10.133.27.160,52344,202.115.39.6,53,0.022362,0.000035,0.102052,0.039901,0.026569,0.000000,0.097021,0.040724,0.011181,0.000000,0.097021,0.028673,0.111910,387996,64666.0,64240,65518,602.454978,146000,29200.0,29200,29200,0.0,533996,48545.090909,29200,65518,17665.175508,6,5,11,0.833194,53.614512,44.678760,98.293272,375,62.5,54,91,13.43813,657,131.4,60,415,141.802116,1032,93.818182,54,415,102.055972,1.751995,3350.906979,5870.789027,9221.696006,2,2,0,3,10,0,0,0,2,0,1,0,324,270,594,0.861702,0.410334,0.575581
10.133.27.160,52345,202.115.39.6,53,0.022304,0.000093,0.099776,0.03881,0.026569,0.000000,0.094359,0.039215,0.011152,0.000000,0.094359,0.02782,0.111619,387996,64666.0,64240,65518,602.454978,146000,29200.0,29200,29200,0.0,533996,48545.090909,29200,65518,17665.175508,6,5,11,0.833194,53.754289,44.795241,98.549530,375,62.5,54,91,13.43813,523,104.6,60,281,88.203401,898,81.636364,54,281,63.829706,1.394663,3359.643072,4685.582204,8045.225276,2,2,0,3,10,0,0,0,2,0,1,0,324,270,594,0.861702,0.515267,0.66147
10.133.27.160,52346,36.170.18.238,443,0.014529,0.000000,0.088458,0.025507,0.017618,0.000000,0.083339,0.026628,0.007860,0.000000,0.082521,0.018266,0.479554,81176,2387.529412,511,64240,10767.133228,44544,1590.857143,71,42340,7842.17676,125720,2027.741935,71,64240,9565.898352,34,28,62,0.823505,70.899211,58.387585,129.286796,22330,656.764706,54,1288,554.482486,9025,322.321429,60,1354,417.973517,31355,505.725806,54,1354,524.595917,0.404165,46564.099142,18819.569850,65383.668992,0,2,0,25,61,0,0,0,13,0,12,0,1836,1512,3348,0.082218,0.167516,0.106777
10.133.27.160,52347,202.115.39.6,53,0.020393,0.000016,0.057480,0.021086,0.020835,0.000000,0.057781,0.022163,0.010196,0.000000,0.057356,0.017166,0.102064,387996,64666.0,64240,65518,602.454978,146000,29200.0,29200,29200,0.0,533996,48545.090909,29200,65518,17665.175508,6,5,11,0.833194,58.786644,48.988870,107.775514,374,62.333333,54,90,13.085191,437,87.4,60,195,53.805576,811,73.727273,54,195,39.561439,1.168446,3664.367456,4281.627214,7945.994670,2,2,0,3,10,0,0,0,2,0,1,0,324,270,594,0.864,0.616438,0.732429
10.133.27.160,52348,202.115.39.6,53,0.008804,0.000113,0.018606,0.007911,0.006390,0.000000,0.017011,0.007056,0.004402,0.000000,0.018326,0.007,0.044120,389274,64879.0,64240,65518,639.0,146000,29200.0,29200,29200,0.0,535274,48661.272727,29200,65518,17771.897311,6,5,11,0.833194,135.992747,113.327289,249.320036,374,62.333333,54,90,13.085191,438,87.6,60,196,54.205535,812,73.818182,54,196,39.840177,1.17112,8476.881233,9927.470535,18404.351768,2,2,0,3,10,0,0,0,2,0,1,0,324,270,594,0.864,0.615034,0.731527
10.133.27.160,52349,204.79.197.239,443,0.054094,0.000092,0.136661,0.050836,0.028939,0.000000,0.090125,0.03765,0.023353,0.000000,0.136559,0.041394,0.397108,67842,8480.25,513,64240,21075.204535,212997,21299.7,16383,65535,14745.100109,280839,15602.166667,513,65535,18941.263273,8,10,18,1.249844,20.145653,25.182066,45.327719,1845,230.625,54,900,277.223708,1106,110.6,60,317,82.084347,2951,163.944444,54,900,203.610323,0.599458,4646.091240,2785.136537,7431.227777,0,2,0,9,17,0,0,0,5,0,4,0,432,540,972,0.23402,0.487805,0.32938
10.133.27.160,52350,121.194.9.205,443,0.024721,0.000031,0.057887,0.024966,0.004908,0.000000,0.049137,0.013754,0.005115,0.000000,0.048773,0.013643,0.148428,67328,9618.285714,514,64240,22299.221484,67025,2914.130435,66,65535,13350.814267,134353,4478.433333,66,65535,16146.839822,7,23,30,3.285245,47.160913,154.957286,202.118199,2059,294.142857,54,923,350.394239,24834,1079.73913,60,1354,512.598599,26893,896.433333,54,1354,583.522389,12.061189,13872.045706,167313.444903,181185.490609,0,2,0,10,29,0,0,0,3,0,7,0,378,1242,1620,0.183495,0.05001,0.060239
10.133.27.160,52351,60.255.155.101,443,0.009804,0.000015,0.045001,0.014168,0.007496,0.000000,0.045949,0.014103,0.004457,0.000000,0.044865,0.010541,0.098144,69386,6307.818182,514,64240,18319.764443,29376,2448.0,16,29200,8066.03149,98762,4294.0,16,64240,14077.401752,11,12,23,1.09081,112.080209,122.269319,234.349528,2214,201.272727,54,939,268.886624,8031,669.25,60,1354,593.954,10245,445.434783,54,1354,522.766955,3.62737,22558.689273,81828.741441,104387.430714,0,2,0,9,22,0,0,0,5,0,4,0,594,648,1242,0.268172,0.080677,0.12123
10.133.27.160,52352,202.115.39.6,53,0.203866,0.000063,1.199454,0.445295,0.240746,0.000000,1.151656,0.455814,0.101933,0.000000,1.151656,0.316793,1.223294,453514,64787.714286,64240,65518,632.445981,175200,29200.0,29200,29200,0.0,628714,48362.615385,29200,65518,17747.20347,7,6,13,0.85702,5.722255,4.904790,10.627045,428,61.142857,54,90,12.46055,612,102.0,60,310,93.023295,1040,80.0,54,310,67.02468,1.429903,349.875010,500.288565,850.163575,2,2,0,3,12,0,0,0,2,0,1,0,378,324,702,0.881119,0.528548,0.675
10.133.27.160,52353,202.115.39.6,53,0.004489,0.000018,0.019314,0.006795,0.001983,0.000000,0.004160,0.001988,0.002448,0.000000,0.018965,0.005373,0.027033,453514,64787.714286,64240,65518,632.445981,146000,29200.0,29200,29200,0.0,599514,49959.5,29200,65518,17551.627866,7,5,12,0.714184,258.942774,184.959124,443.901898,428,61.142857,54,90,12.46055,476,95.2,60,234,69.404323,904,75.333333,54,234,48.780688,1.112147,15832.501017,17608.108608,33440.609625,2,2,0,3,11,0,0,0,2,0,1,0,378,270,648,0.881119,0.566038,0.716814
10.133.27.160,52354,60.255.158.87,443,0.006851,0.000246,0.021992,0.008053,0.006006,0.000000,0.019019,0.00708,0.003114,0.000000,0.018338,0.005307,0.034356,66813,11135.5,514,64240,23749.054386,42754,7125.666667,82,42340,15748.328627,109567,9130.583333,82,64240,20249.281722,6,6,12,0.999833,174.641984,174.641984,349.283968,2045,340.833333,54,975,375.434156,2337,389.5,60,766,289.54778,4382,365.166667,54,975,336.134604,1.142787,59523.809524,68023.052742,127546.862266,0,2,0,7,11,0,0,0,3,0,4,0,324,324,648,0.158358,0.13858,0.147878
10.133.27.160,52355,202.115.39.6,53,0.003652,0.000051,0.010123,0.003789,0.002961,0.000000,0.006723,0.003015,0.001992,0.000000,0.009988,0.003275,0.022011,453514,64787.714286,64240,65518,632.445981,146000,29200.0,29200,29200,0.0,599514,49959.5,29200,65518,17551.627866,7,5,12,0.714184,318.022807,227.159148,545.181955,427,61.0,54,89,12.130246,517,103.4,60,275,85.803496,944,78.666667,54,275,59.919854,1.21077,19399.391213,23488.255872,42887.647085,2,2,0,3,11,0,0,0,2,0,1,0,378,270,648,0.883178,0.521236,0.686441
10.133.27.160,52356,202.115.39.6,53,0.092095,0.000029,0.537426,0.19919,0.108540,0.000000,0.492771,0.192849,0.046047,0.000000,0.492771,0.135241,0.552668,453514,64787.714286,64240,65518,632.445981,175200,29200.0,29200,29200,0.0,628714,48362.615385,29200,65518,17747.20347,7,6,13,0.85702,12.665832,10.856427,23.522259,427,61.0,54,89,12.130246,575,95.833333,60,273,79.234708,1002,77.076923,54,273,57.257128,1.346601,772.615748,1040.407623,1813.023371,2,2,0,3,12,0,0,0,2,0,1,0,378,324,702,0.883178,0.5625,0.700599
10.133.27.160,52357,103.41.167.235,443,0.021485,0.000551,0.056686,0.025791,0.015123,0.000000,0.056913,0.024105,0.010111,0.000000,0.056497,0.02058,0.171983,68360,7595.555556,515,64240,20026.835392,15840,1760.0,944,8192,2274.139837,84200,4677.777778,515,64240,14547.726663,9,9,18,0.999889,52.330754,52.330754,104.661508,2094,232.666667,54,844,303.730509,7600,844.444444,60,1334,524.16412,9694,538.555556,54,1334,526.372621,3.629416,12175.622009,44190.414169,56366.036178,0,2,0,8,17,0,0,0,3,0,5,0,486,486,972,0.231981,0.063939,0.100268
10.133.27.160,52358,202.115.39.6,53,0.003626,0.000040,0.013567,0.005063,0.004002,0.000000,0.013334,0.005497,0.001813,0.000000,0.013102,0.00385,0.018229,385258,64209.666667,64149,64240,42.897811,146000,29200.0,29200,29200,0.0,531258,48296.181818,29200,64240,17432.37803,6,5,11,0.833194,329.145866,274.288222,603.434088,369,61.5,54,85,11.339459,387,77.4,60,145,33.808875,756,68.727273,54,145,25.541734,1.048778,20242.470788,21229.908388,41472.379176,2,2,0,3,10,0,0,0,2,0,1,0,324,270,594,0.875676,0.695876,0.785714
10.133.27.160,52359,202.115.39.6,53,0.028702,0.000035,0.156653,0.057407,0.034024,0.000000,0.113787,0.042863,0.014351,0.000000,0.113787,0.032233,0.172309,453514,64787.714286,64240,65518,632.445981,175200,29200.0,29200,29200,0.0,628714,48362.615385,29200,65518,17747.20347,7,6,13,0.85702,40.624692,34.821164,75.445856,423,60.428571,54,85,10.82137,493,82.166667,60,191,48.677225,916,70.461538,54,191,35.694463,1.165482,2454.892083,2861.139000,5316.031083,2,2,0,3,12,0,0,0,2,0,1,0,378,324,702,0.891509,0.65587,0.766376
10.133.27.160,52360,59.111.248.86,443,0.019018,0.000111,0.050989,0.021686,0.009407,0.000000,0.045946,0.01736,0.007396,0.000000,0.044436,0.0153,0.133229,67843,8480.375,514,64240,21075.157283,2980,270.909091,6,2920,837.7161,70823,3727.526316,6,64240,14277.631163,8,11,19,1.374828,60.046987,82.564607,142.611594,2084,260.5,54,880,326.488131,6103,554.818182,60,1354,539.47463,8187,430.894737,54,1354,484.242207,2.928501,15642.240053,45808.345030,61450.585083,0,2,0,9,18,0,0,0,3,0,6,0,432,594,1026,0.207194,0.097313,0.125321
10.133.27.160,52361,202.115.39.6,53,0.003772,0.000041,0.009410,0.003484,0.003366,0.000000,0.009723,0.003975,0.001886,0.000000,0.009246,0.002989,0.018961,389274,64879.0,64240,65518,639.0,146000,29200.0,29200,29200,0.0,535274,48661.272727,29200,65518,17771.897311,6,5,11,0.833194,316.439006,263.699172,580.138178,376,62.666667,54,92,13.792107,558,111.6,60,316,102.202935,934,84.909091,54,316,73.792651,1.484039,19830.177733,29428.827593,49259.005326,2,2,0,3,10,0,0,0,2,0,1,0,324,270,594,0.859416,0.483005,0.635974
10.133.27.160,52362,202.115.39.6,53,0.003081,0.000028,0.009165,0.003335,0.003366,0.000000,0.009723,0.003975,0.001681,0.000000,0.009070,0.002811,0.018588,453514,64787.714286,64240,65518,632.445981,146000,29200.0,29200,29200,0.0,599514,49959.5,29200,65518,17551.627866,7,5,12,0.714184,376.587045,268.990747,645.577792,430,61.428571,54,92,13.12421,482,96.4,60,240,71.804178,912,76.0,54,240,50.457903,1.120928,23133.204218,25930.707984,49063.912202,2,2,0,3,11,0,0,0,2,0,1,0,378,270,648,0.87703,0.559006,0.710526
10.133.27.160,52363,60.255.158.87,443,0.004407,0.000027,0.027147,0.006655,0.000410,0.000000,0.026370,0.002434,0.000403,0.000000,0.026292,0.002275,0.079424,74540,3923.157895,514,64240,14217.6926,57113,319.067039,82,42340,3149.602086,131653,664.914141,82,64240,5430.696888,19,179,198,9.420557,239.222401,2253.726833,2492.949234,2605,137.105263,54,879,225.164009,235837,1317.52514,60,1354,198.092589,238442,1204.252525,54,1354,401.520553,90.532403,32798.650282,2969341.760677,3002140.410959,0,2,0,7,197,0,0,0,3,0,4,0,1026,9666,10692,0.393707,0.040986,0.044841
10.133.27.160,52364,60.255.158.87,443,0.003014,0.000042,0.012579,0.004422,0.001351,0.000000,0.013535,0.003697,0.001039,0.000000,0.012084,0.002773,0.030238,69386,6307.818182,513,64240,18319.764448,43832,2306.947368,82,42340,9435.881001,113218,3773.933333,82,64240,13533.84378,11,19,30,1.727116,363.780673,628.348436,992.129109,2186,198.727273,54,879,280.505418,19264,1013.894737,60,1354,509.136823,21450,715.0,54,1354,589.350999,8.812439,72293.141081,637079.171903,709372.312984,0,2,0,7,29,0,0,0,3,0,4,0,594,1026,1620,0.271605,0.053257,0.075524
10.133.27.160,52365,60.255.158.89,443,0.008933,0.000037,0.042768,0.013584,0.007904,0.000000,0.029213,0.00993,0.004204,0.000000,0.029213,0.007552,0.071565,68356,7595.111111,513,64240,20026.992538,43004,4778.222222,83,42340,13280.09389,111360,6186.666667,83,64240,17050.055063,9,9,18,0.999889,125.759799,125.759799,251.519598,2163,240.333333,54,977,322.886289,5139,571.0,60,1354,494.617473,7302,405.666667,54,1354,449.20609,2.375866,30224.271641,71808.845106,102033.116747,0,2,0,7,17,0,0,0,3,0,4,0,486,486,972,0.224584,0.094553,0.133114
10.133.27.160,52366,202.115.39.6,53,0.009048,0.000015,0.031223,0.011656,0.010362,0.000000,0.031588,0.012899,0.004524,0.000000,0.031167,0.009334,0.045342,385250,64208.333333,64145,64240,44.783429,146000,29200.0,29200,29200,0.0,531250,48295.454545,29200,64240,17431.716712,6,5,11,0.833194,132.327643,110.273036,242.600679,370,61.666667,54,86,11.685699,391,78.2,60,149,35.408474,761,69.181818,54,149,26.686115,1.056754,8160.204667,8623.351418,16783.556085,2,2,0,3,10,0,0,0,2,0,1,0,324,270,594,0.873315,0.688776,0.780552
10.133.27.160,52367,202.115.39.6,53,0.032222,0.000042,0.179614,0.066004,0.037934,0.000000,0.117234,0.045961,0.016111,0.000000,0.117234,0.034893,0.193432,453514,64787.714286,64240,65518,632.445981,175200,29200.0,29200,29200,0.0,628714,48362.615385,29200,65518,17747.20347,7,6,13,0.85702,36.188428,31.018653,67.207081,424,60.571429,54,86,11.14652,497,82.833333,60,195,50.167774,921,70.846154,54,195,36.765046,1.172167,2191.984780,2569.378386,4761.363166,2,2,0,3,12,0,0,0,2,0,1,0,378,324,702,0.889412,0.650602,0.762215
10.133.27.160,52368,59.111.248.82,443,0.019896,0.000062,0.061908,0.023148,0.010658,0.000000,0.049451,0.018498,0.008952,0.000000,0.061804,0.017465,0.179138,67842,7538.0,0,64240,20047.826405,2986,248.833333,6,2920,805.387053,70828,3372.761905,0,64240,13624.683314,9,12,21,1.333185,50.240597,66.987462,117.228059,2025,225.0,54,766,289.983141,5661,471.75,60,1354,521.281454,7686,366.0,54,1354,454.121339,2.795554,11304.134243,31601.335283,42905.469526,2,2,1,9,20,0,0,0,3,0,6,0,486,648,1134,0.239882,0.114447,0.147541
10.133.27.160,52227,23.7.208.56,443,0.079475,0.079475,0.079475,0.0,0.000000,0.000000,0.000000,0.0,0.026492,0.000000,0.079245,0.037302,0.079575,1024,512.0,0,1024,512.0,1002,501.0,501,501,0.0,2026,506.5,0,1024,362.080447,2,2,4,0.9995,25.133522,25.133522,50.267044,108,54.0,54,54,0.0,138,69.0,60,78,9.0,246,61.5,54,78,9.836158,1.277766,1357.210179,1734.213007,3091.423186,2,0,1,1,4,0,0,0,0,0,1,0,108,108,216,0.990826,0.776978,0.878049
10.133.27.160,50781,36.155.163.66,8080,0.095996,0.095996,0.095996,0.0,0,0,0,0,0.047998,0.045938,0.050058,0.00206,0.096096,1028,514.0,514,514,0.0,251,251.0,251,251,0.0,1279,426.333333,251,514,123.979389,2,1,3,0.49975,20.812521,10.406260,31.218781,161,80.5,54,107,26.5,128,128.0,128,128,0.0,289,96.333333,54,128,31.137687,0.795026,1675.407925,1332.001332,3007.409257,0,0,0,2,3,0,0,0,1,0,1,0,108,54,162,0.666667,0.418605,0.560554
